Gene	Variant	Chrom	Position	Ref	Alt	VAF expected
ABL1	p.T315I	9	133748283	C	T	0.05
ASXL1	p.G646fs*12	20	31022441	A	AG	0.4
ASXL1	p.W796C	20	31022903	G	T	0.05
BCOR	p.Q1174fs*8	X	39923086	G	GT	0.7
CBL	p.S403F	11	119148988	C	T	0.05
DNMT3A	p.R882C	2	25457243	G	A	0.05
EZH2	p.R418Q	7	148514471	C	T	0.05
FLT3	p.D835Y	13	28592642	C	A	0.05
FLT3	p.ITD300	13	28608043	-	300bp-ins	0.05
GATA1	p.Q119*	X	48650385	C	T	0.1
GATA2	p.G200fs*18	3	128204841	AC	A	0.35
IDH1	p.R132C	2	209113113	G	A	0.05
IDH2	p.R172K	15	90631838	C	T	0.05
JAK2	p.F537-K539>L	9	5070021	TTCACAA	T	0.05
JAK2	p.V617F	9	5073770	G	T	0.05
KRAS	p.G13D	12	25398281	C	T	0.4
NPM1	p.W288fs*12	5	170837543	C	CTCTG	0.05
NRAS	p.Q61L	1	115256529	T	A	0.1
RUNX1	p.M267I	21	36206711	C	T	0.35
SF3B1	p.G740E	2	198266713	C	T	0.05
TET2	p.R1261H	4	106164914	G	A	0.05
TP53	p.S241F	17	7577559	G	A	0.05